income_id,user_id,income_amt,date,description,account_id,category_id,expense_id,expense_amt
47.0,0290c324-9666-44c4-91de-4516f983a7c8,890.0,2024-12-30 03:00:34.810,Refund,12,1,,
48.0,0290c324-9666-44c4-91de-4516f983a7c8,890.0,2024-12-30 03:00:34.810,Refund,12,1,,
49.0,0290c324-9666-44c4-91de-4516f983a7c8,20000.0,2024-12-30 07:05:23.058,salary,16,1,,
50.0,0290c324-9666-44c4-91de-4516f983a7c8,2340.0,2024-12-30 11:25:25.851,petrol,16,1,,
45.0,0290c324-9666-44c4-91de-4516f983a7c8,780.0,2025-01-09 08:10:03.885,Interest,12,1,,
,0290c324-9666-44c4-91de-4516f983a7c8,,2024-12-27 10:14:24.722,trip,16,2,18.0,2450.0
,0290c324-9666-44c4-91de-4516f983a7c8,,2024-12-30 03:14:34.890,party,12,2,19.0,4560.0
,0290c324-9666-44c4-91de-4516f983a7c8,,2024-12-30 07:05:59.356,Watch,12,2,20.0,780.0
,0290c324-9666-44c4-91de-4516f983a7c8,,2025-01-09 08:53:02.088,lunch,12,2,21.0,790.0
